<?xml version="1.0" encoding="UTF-8"?>
<project-private xmlns="http://www.netbeans.org/ns/project-private/1">
    <editor-bookmarks xmlns="http://www.netbeans.org/ns/editor-bookmarks/2" lastBookmarkId="0"/>
    <open-files xmlns="http://www.netbeans.org/ns/projectui-open-files/2">
        <group>
            <file>file:/home/priscila/NetBeansProjects/OpenGL3/src/shader/opengl.fp</file>
            <file>file:/home/priscila/NetBeansProjects/OpenGL3/src/shader/opengl.vp</file>
            <file>file:/home/priscila/NetBeansProjects/OpenGL3/src/trab/Dados.java</file>
            <file>file:/home/priscila/NetBeansProjects/OpenGL3/src/trab/OpenGL3.java</file>
            <file>file:/home/priscila/NetBeansProjects/OpenGL3/src/trab/Opcoes.java</file>
        </group>
    </open-files>
</project-private>
